,Country,Year,LPI_Score,LPI_Score_Interpolated
0,Afghanistan,2015,,2.141282
1,Afghanistan,2016,2.141282,2.141282
2,Afghanistan,2017,,2.0449235
3,Afghanistan,2018,1.948565,1.948565
4,Afghanistan,2019,,1.938852
5,Afghanistan,2020,,1.929139
6,Afghanistan,2021,,1.919426
7,Afghanistan,2022,,1.909713
8,Afghanistan,2023,1.9,1.9
9,Afghanistan,2024,,1.9
10,Albania,2015,,2.412498
11,Albania,2016,2.412498,2.412498
12,Albania,2017,,2.5360505
13,Albania,2018,2.659603,2.659603
14,Albania,2019,,2.6276824
15,Albania,2020,,2.5957618
16,Albania,2021,,2.5638412
17,Albania,2022,,2.5319206
18,Albania,2023,2.5,2.5
19,Albania,2024,,2.5
20,Algeria,2015,,2.769683
21,Algeria,2016,2.769683,2.769683
22,Algeria,2017,,2.608877
23,Algeria,2018,2.448071,2.448071
24,Algeria,2019,,2.4584568
25,Algeria,2020,,2.4688426
26,Algeria,2021,,2.4792284
27,Algeria,2022,,2.4896142
28,Algeria,2023,2.5,2.5
29,Algeria,2024,,2.5
30,Angola,2015,,2.241183
31,Angola,2016,2.241183,2.241183
32,Angola,2017,,2.1436705
33,Angola,2018,2.046158,2.046158
34,Angola,2019,,2.0569264
35,Angola,2020,,2.0676948
36,Angola,2021,,2.0784632
37,Angola,2022,,2.0892316
38,Angola,2023,2.1,2.1
39,Angola,2024,,2.1
40,Antigua and Barbuda,2015,,2.9
41,Antigua and Barbuda,2016,,2.9
42,Antigua and Barbuda,2017,,2.9
43,Antigua and Barbuda,2018,,2.9
44,Antigua and Barbuda,2019,,2.9
45,Antigua and Barbuda,2020,,2.9
46,Antigua and Barbuda,2021,,2.9
47,Antigua and Barbuda,2022,,2.9
48,Antigua and Barbuda,2023,2.9,2.9
49,Antigua and Barbuda,2024,,2.9
50,Argentina,2015,,2.962629
51,Argentina,2016,2.962629,2.962629
52,Argentina,2017,,2.9248065
53,Argentina,2018,2.886984,2.886984
54,Argentina,2019,,2.8695872
55,Argentina,2020,,2.8521904
56,Argentina,2021,,2.8347936
57,Argentina,2022,,2.8173968
58,Argentina,2023,2.8,2.8
59,Argentina,2024,,2.8
60,Armenia,2015,,2.205513
61,Armenia,2016,2.205513,2.205513
62,Armenia,2017,,2.40656
63,Armenia,2018,2.607607,2.607607
64,Armenia,2019,,2.5860856
65,Armenia,2020,,2.5645642
66,Armenia,2021,,2.5430428
67,Armenia,2022,,2.5215214
68,Armenia,2023,2.5,2.5
69,Armenia,2024,,2.5
70,Australia,2015,,3.793385
71,Australia,2016,3.793385,3.793385
72,Australia,2017,,3.772408
73,Australia,2018,3.751431,3.751431
74,Australia,2019,,3.7411448
75,Australia,2020,,3.7308586
76,Australia,2021,,3.7205724
77,Australia,2022,,3.7102862
78,Australia,2023,3.7,3.7
79,Australia,2024,,3.7
80,Austria,2015,,4.097985
81,Austria,2016,4.097985,4.097985
82,Austria,2017,,4.061995
83,Austria,2018,4.026005,4.026005
84,Austria,2019,,4.020804
85,Austria,2020,,4.015603
86,Austria,2021,,4.010402
87,Austria,2022,,4.005201
88,Austria,2023,4,4
89,Austria,2024,,4
90,Azerbaijan,2015,,
91,Azerbaijan,2016,,
92,Azerbaijan,2017,,
93,Azerbaijan,2018,,
94,Azerbaijan,2019,,
95,Azerbaijan,2020,,
96,Azerbaijan,2021,,
97,Azerbaijan,2022,,
98,Azerbaijan,2023,,
99,Azerbaijan,2024,,
100,"Bahamas, The",2015,,2.749937
101,"Bahamas, The",2016,2.749937,2.749937
102,"Bahamas, The",2017,,2.6376745
103,"Bahamas, The",2018,2.525412,2.525412
104,"Bahamas, The",2019,,2.5603296
105,"Bahamas, The",2020,,2.5952472
106,"Bahamas, The",2021,,2.6301648
107,"Bahamas, The",2022,,2.6650824
108,"Bahamas, The",2023,2.7,2.7
109,"Bahamas, The",2024,,2.7
110,Bahrain,2015,,3.314021
111,Bahrain,2016,3.314021,3.314021
112,Bahrain,2017,,3.124419
113,Bahrain,2018,2.934817,2.934817
114,Bahrain,2019,,3.0478536
115,Bahrain,2020,,3.1608902
116,Bahrain,2021,,3.2739268
117,Bahrain,2022,,3.3869634
118,Bahrain,2023,3.5,3.5
119,Bahrain,2024,,3.5
120,Bangladesh,2015,,2.663902
121,Bangladesh,2016,2.663902,2.663902
122,Bangladesh,2017,,2.6202415
123,Bangladesh,2018,2.576581,2.576581
124,Bangladesh,2019,,2.5812648
125,Bangladesh,2020,,2.5859486
126,Bangladesh,2021,,2.5906324
127,Bangladesh,2022,,2.5953162
128,Bangladesh,2023,2.6,2.6
129,Bangladesh,2024,,2.6
130,Belarus,2015,,2.399232
131,Belarus,2016,2.399232,2.399232
132,Belarus,2017,,2.4869325
133,Belarus,2018,2.574633,2.574633
134,Belarus,2019,,2.5997064
135,Belarus,2020,,2.6247798
136,Belarus,2021,,2.6498532
137,Belarus,2022,,2.6749266
138,Belarus,2023,2.7,2.7
139,Belarus,2024,,2.7
140,Belgium,2015,,4.108538
141,Belgium,2016,4.108538,4.108538
142,Belgium,2017,,4.073811
143,Belgium,2018,4.039084,4.039084
144,Belgium,2019,,4.0312672
145,Belgium,2020,,4.0234504
146,Belgium,2021,,4.0156336
147,Belgium,2022,,4.0078168
148,Belgium,2023,4,4
149,Belgium,2024,,4
150,Benin,2015,,2.428125
151,Benin,2016,2.428125,2.428125
152,Benin,2017,,2.589007
153,Benin,2018,2.749889,2.749889
154,Benin,2019,,2.7799112
155,Benin,2020,,2.8099334
156,Benin,2021,,2.8399556
157,Benin,2022,,2.8699778
158,Benin,2023,2.9,2.9
159,Benin,2024,,2.9
160,Bhutan,2015,,2.321436
161,Bhutan,2016,2.321436,2.321436
162,Bhutan,2017,,2.245208
163,Bhutan,2018,2.16898,2.16898
164,Bhutan,2019,,2.235184
165,Bhutan,2020,,2.301388
166,Bhutan,2021,,2.367592
167,Bhutan,2022,,2.433796
168,Bhutan,2023,2.5,2.5
169,Bhutan,2024,,2.5
170,Bolivia,2015,,2.251462
171,Bolivia,2016,2.251462,2.251462
172,Bolivia,2017,,2.304919
173,Bolivia,2018,2.358376,2.358376
174,Bolivia,2019,,2.3667008
175,Bolivia,2020,,2.3750256
176,Bolivia,2021,,2.3833504
177,Bolivia,2022,,2.3916752
178,Bolivia,2023,2.4,2.4
179,Bolivia,2024,,2.4
180,Bosnia and Herzegovina,2015,,2.596254
181,Bosnia and Herzegovina,2016,2.596254,2.596254
182,Bosnia and Herzegovina,2017,,2.7024095
183,Bosnia and Herzegovina,2018,2.808565,2.808565
184,Bosnia and Herzegovina,2019,,2.846852
185,Bosnia and Herzegovina,2020,,2.885139
186,Bosnia and Herzegovina,2021,,2.923426
187,Bosnia and Herzegovina,2022,,2.961713
188,Bosnia and Herzegovina,2023,3,3
189,Bosnia and Herzegovina,2024,,3
190,Botswana,2015,,3.045458
191,Botswana,2016,3.045458,3.045458
192,Botswana,2017,,3.053249714
193,Botswana,2018,,3.061041429
194,Botswana,2019,,3.068833143
195,Botswana,2020,,3.076624857
196,Botswana,2021,,3.084416571
197,Botswana,2022,,3.092208286
198,Botswana,2023,3.1,3.1
199,Botswana,2024,,3.1
200,Brazil,2015,,3.087984
201,Brazil,2016,3.087984,3.087984
202,Brazil,2017,,3.036887
203,Brazil,2018,2.98579,2.98579
204,Brazil,2019,,3.028632
205,Brazil,2020,,3.071474
206,Brazil,2021,,3.114316
207,Brazil,2022,,3.157158
208,Brazil,2023,3.2,3.2
209,Brazil,2024,,3.2
210,Brunei Darussalam,2015,,2.870492
211,Brunei Darussalam,2016,2.870492,2.870492
212,Brunei Darussalam,2017,,2.7885245
213,Brunei Darussalam,2018,2.706557,2.706557
214,Brunei Darussalam,2019,,2.706557
215,Brunei Darussalam,2020,,2.706557
216,Brunei Darussalam,2021,,2.706557
217,Brunei Darussalam,2022,,2.706557
218,Brunei Darussalam,2023,,2.706557
219,Brunei Darussalam,2024,,2.706557
220,Bulgaria,2015,,2.807685
221,Bulgaria,2016,2.807685,2.807685
222,Bulgaria,2017,,2.920825
223,Bulgaria,2018,3.033965,3.033965
224,Bulgaria,2019,,3.067172
225,Bulgaria,2020,,3.100379
226,Bulgaria,2021,,3.133586
227,Bulgaria,2022,,3.166793
228,Bulgaria,2023,3.2,3.2
229,Bulgaria,2024,,3.2
230,Burkina Faso,2015,,2.73081
231,Burkina Faso,2016,2.73081,2.73081
232,Burkina Faso,2017,,2.676137
233,Burkina Faso,2018,2.621464,2.621464
234,Burkina Faso,2019,,2.5571712
235,Burkina Faso,2020,,2.4928784
236,Burkina Faso,2021,,2.4285856
237,Burkina Faso,2022,,2.3642928
238,Burkina Faso,2023,2.3,2.3
239,Burkina Faso,2024,,2.3
240,Burundi,2015,,2.509776
241,Burundi,2016,2.509776,2.509776
242,Burundi,2017,,2.2866925
243,Burundi,2018,2.063609,2.063609
244,Burundi,2019,,2.063609
245,Burundi,2020,,2.063609
246,Burundi,2021,,2.063609
247,Burundi,2022,,2.063609
248,Burundi,2023,,2.063609
249,Burundi,2024,,2.063609
250,Buthan,2015,,
251,Buthan,2016,,
252,Buthan,2017,,
253,Buthan,2018,,
254,Buthan,2019,,
255,Buthan,2020,,
256,Buthan,2021,,
257,Buthan,2022,,
258,Buthan,2023,,
259,Buthan,2024,,
260,Cambodia,2015,,2.80059
261,Cambodia,2016,2.80059,2.80059
262,Cambodia,2017,,2.689599
263,Cambodia,2018,2.578608,2.578608
264,Cambodia,2019,,2.5428864
265,Cambodia,2020,,2.5071648
266,Cambodia,2021,,2.4714432
267,Cambodia,2022,,2.4357216
268,Cambodia,2023,2.4,2.4
269,Cambodia,2024,,2.4
270,Cameroon,2015,,2.151499
271,Cameroon,2016,2.151499,2.151499
272,Cameroon,2017,,2.373523
273,Cameroon,2018,2.595547,2.595547
274,Cameroon,2019,,2.4964376
275,Cameroon,2020,,2.3973282
276,Cameroon,2021,,2.2982188
277,Cameroon,2022,,2.1991094
278,Cameroon,2023,2.1,2.1
279,Cameroon,2024,,2.1
280,Canada,2015,,3.930707
281,Canada,2016,3.930707,3.930707
282,Canada,2017,,3.828711
283,Canada,2018,3.726715,3.726715
284,Canada,2019,,3.781372
285,Canada,2020,,3.836029
286,Canada,2021,,3.890686
287,Canada,2022,,3.945343
288,Canada,2023,4,4
289,Canada,2024,,4
290,Central African Republic,2015,,2.148357
291,Central African Republic,2016,,2.148357
292,Central African Republic,2017,,2.148357
293,Central African Republic,2018,2.148357,2.148357
294,Central African Republic,2019,,2.2186856
295,Central African Republic,2020,,2.2890142
296,Central African Republic,2021,,2.3593428
297,Central African Republic,2022,,2.4296714
298,Central African Republic,2023,2.5,2.5
299,Central African Republic,2024,,2.5
300,Chad,2015,,2.164453
301,Chad,2016,2.164453,2.164453
302,Chad,2017,,2.290945
303,Chad,2018,2.417437,2.417437
304,Chad,2019,,2.417437
305,Chad,2020,,2.417437
306,Chad,2021,,2.417437
307,Chad,2022,,2.417437
308,Chad,2023,,2.417437
309,Chad,2024,,2.417437
310,Chile,2015,,3.248442
311,Chile,2016,3.248442,3.248442
312,Chile,2017,,3.2827935
313,Chile,2018,3.317145,3.317145
314,Chile,2019,,3.253716
315,Chile,2020,,3.190287
316,Chile,2021,,3.126858
317,Chile,2022,,3.063429
318,Chile,2023,3,3
319,Chile,2024,,3
320,China,2015,,3.661104
321,China,2016,3.661104,3.661104
322,China,2017,,3.6331255
323,China,2018,3.605147,3.605147
324,China,2019,,3.6241176
325,China,2020,,3.6430882
326,China,2021,,3.6620588
327,China,2022,,3.6810294
328,China,2023,3.7,3.7
329,China,2024,,3.7
330,Colombia,2015,,2.612351
331,Colombia,2016,2.612351,2.612351
332,Colombia,2017,,2.7769755
333,Colombia,2018,2.9416,2.9416
334,Colombia,2019,,2.93328
335,Colombia,2020,,2.92496
336,Colombia,2021,,2.91664
337,Colombia,2022,,2.90832
338,Colombia,2023,2.9,2.9
339,Colombia,2024,,2.9
340,Comoros,2015,,2.57914
341,Comoros,2016,2.57914,2.57914
342,Comoros,2017,,2.568119
343,Comoros,2018,2.557098,2.557098
344,Comoros,2019,,2.557098
345,Comoros,2020,,2.557098
346,Comoros,2021,,2.557098
347,Comoros,2022,,2.557098
348,Comoros,2023,,2.557098
349,Comoros,2024,,2.557098
350,"Congo, Dem, Rep,",2015,,2.375762
351,"Congo, Dem, Rep,",2016,2.375762,2.375762
352,"Congo, Dem, Rep,",2017,,2.375762
353,"Congo, Dem, Rep,",2018,,2.375762
354,"Congo, Dem, Rep,",2019,,2.375762
355,"Congo, Dem, Rep,",2020,,2.375762
356,"Congo, Dem, Rep,",2021,,2.375762
357,"Congo, Dem, Rep,",2022,,2.375762
358,"Congo, Dem, Rep,",2023,,2.375762
359,"Congo, Dem, Rep,",2024,,2.375762
360,"Congo, Dem. Rep.",2015,,2.428379
361,"Congo, Dem. Rep.",2016,,2.428379
362,"Congo, Dem. Rep.",2017,,2.428379
363,"Congo, Dem. Rep.",2018,2.428379,2.428379
364,"Congo, Dem. Rep.",2019,,2.4427032
365,"Congo, Dem. Rep.",2020,,2.4570274
366,"Congo, Dem. Rep.",2021,,2.4713516
367,"Congo, Dem. Rep.",2022,,2.4856758
368,"Congo, Dem. Rep.",2023,2.5,2.5
369,"Congo, Dem. Rep.",2024,,2.5
370,"Congo, Rep,",2015,,2.376768
371,"Congo, Rep,",2016,2.376768,2.376768
372,"Congo, Rep,",2017,,2.376768
373,"Congo, Rep,",2018,,2.376768
374,"Congo, Rep,",2019,,2.376768
375,"Congo, Rep,",2020,,2.376768
376,"Congo, Rep,",2021,,2.376768
377,"Congo, Rep,",2022,,2.376768
378,"Congo, Rep,",2023,,2.376768
379,"Congo, Rep,",2024,,2.376768
380,"Congo, Rep.",2015,,2.485858
381,"Congo, Rep.",2016,,2.485858
382,"Congo, Rep.",2017,,2.485858
383,"Congo, Rep.",2018,2.485858,2.485858
384,"Congo, Rep.",2019,,2.5086864
385,"Congo, Rep.",2020,,2.5315148
386,"Congo, Rep.",2021,,2.5543432
387,"Congo, Rep.",2022,,2.5771716
388,"Congo, Rep.",2023,2.6,2.6
389,"Congo, Rep.",2024,,2.6
390,Costa Rica,2015,,2.64897
391,Costa Rica,2016,2.64897,2.64897
392,Costa Rica,2017,,2.720317
393,Costa Rica,2018,2.791664,2.791664
394,Costa Rica,2019,,2.8133312
395,Costa Rica,2020,,2.8349984
396,Costa Rica,2021,,2.8566656
397,Costa Rica,2022,,2.8783328
398,Costa Rica,2023,2.9,2.9
399,Costa Rica,2024,,2.9
400,Country,2015,,
401,Country,2016,,
402,Country,2017,,
403,Country,2018,,
404,Country,2019,,
405,Country,2020,,
406,Country,2021,,
407,Country,2022,,
408,Country,2023,,
409,Country,2024,,
410,Croatia,2015,,3.160829
411,Croatia,2016,3.160829,3.160829
412,Croatia,2017,,3.1324595
413,Croatia,2018,3.10409,3.10409
414,Croatia,2019,,3.143272
415,Croatia,2020,,3.182454
416,Croatia,2021,,3.221636
417,Croatia,2022,,3.260818
418,Croatia,2023,3.3,3.3
419,Croatia,2024,,3.3
420,Cuba,2015,,2.346459
421,Cuba,2016,2.346459,2.346459
422,Cuba,2017,,2.271809
423,Cuba,2018,2.197159,2.197159
424,Cuba,2019,,2.1977272
425,Cuba,2020,,2.1982954
426,Cuba,2021,,2.1988636
427,Cuba,2022,,2.1994318
428,Cuba,2023,2.2,2.2
429,Cuba,2024,,2.2
430,Cyprus,2015,,2.999061
431,Cyprus,2016,2.999061,2.999061
432,Cyprus,2017,,3.074949
433,Cyprus,2018,3.150837,3.150837
434,Cyprus,2019,,3.1606696
435,Cyprus,2020,,3.1705022
436,Cyprus,2021,,3.1803348
437,Cyprus,2022,,3.1901674
438,Cyprus,2023,3.2,3.2
439,Cyprus,2024,,3.2
440,Czech Republic,2015,,3.674309
441,Czech Republic,2016,3.674309,3.674309
442,Czech Republic,2017,,3.6773195
443,Czech Republic,2018,3.68033,3.68033
444,Czech Republic,2019,,3.604264
445,Czech Republic,2020,,3.528198
446,Czech Republic,2021,,3.452132
447,Czech Republic,2022,,3.376066
448,Czech Republic,2023,3.3,3.3
449,Czech Republic,2024,,3.3
450,Côte d'Ivoire,2015,,2.602573
451,Côte d'Ivoire,2016,2.602573,2.602573
452,Côte d'Ivoire,2017,,2.842413
453,Côte d'Ivoire,2018,3.082253,3.082253
454,Côte d'Ivoire,2019,,3.082253
455,Côte d'Ivoire,2020,,3.082253
456,Côte d'Ivoire,2021,,3.082253
457,Côte d'Ivoire,2022,,3.082253
458,Côte d'Ivoire,2023,,3.082253
459,Côte d'Ivoire,2024,,3.082253
460,Denmark,2015,,3.815794
461,Denmark,2016,3.815794,3.815794
462,Denmark,2017,,3.9038265
463,Denmark,2018,3.991859,3.991859
464,Denmark,2019,,4.0134872
465,Denmark,2020,,4.0351154
466,Denmark,2021,,4.0567436
467,Denmark,2022,,4.0783718
468,Denmark,2023,4.1,4.1
469,Denmark,2024,,4.1
470,Djibouti,2015,,2.32254
471,Djibouti,2016,2.32254,2.32254
472,Djibouti,2017,,2.4785805
473,Djibouti,2018,2.634621,2.634621
474,Djibouti,2019,,2.6476968
475,Djibouti,2020,,2.6607726
476,Djibouti,2021,,2.6738484
477,Djibouti,2022,,2.6869242
478,Djibouti,2023,2.7,2.7
479,Djibouti,2024,,2.7
480,Dominican Republic,2015,,2.62728
481,Dominican Republic,2016,2.62728,2.62728
482,Dominican Republic,2017,,2.6445225
483,Dominican Republic,2018,2.661765,2.661765
484,Dominican Republic,2019,,2.649412
485,Dominican Republic,2020,,2.637059
486,Dominican Republic,2021,,2.624706
487,Dominican Republic,2022,,2.612353
488,Dominican Republic,2023,2.6,2.6
489,Dominican Republic,2024,,2.6
490,Ecuador,2015,,2.779081
491,Ecuador,2016,2.779081,2.779081
492,Ecuador,2017,,2.830365
493,Ecuador,2018,2.881649,2.881649
494,Ecuador,2019,,2.881649
495,Ecuador,2020,,2.881649
496,Ecuador,2021,,2.881649
497,Ecuador,2022,,2.881649
498,Ecuador,2023,,2.881649
499,Ecuador,2024,,2.881649
500,Egypt,2015,,
501,Egypt,2016,,
502,Egypt,2017,,
503,Egypt,2018,,
504,Egypt,2019,,
505,Egypt,2020,,
506,Egypt,2021,,
507,Egypt,2022,,
508,Egypt,2023,,
509,Egypt,2024,,
510,"Egypt, Arab Rep,",2015,,3.184964
511,"Egypt, Arab Rep,",2016,3.184964,3.184964
512,"Egypt, Arab Rep,",2017,,3.184964
513,"Egypt, Arab Rep,",2018,,3.184964
514,"Egypt, Arab Rep,",2019,,3.184964
515,"Egypt, Arab Rep,",2020,,3.184964
516,"Egypt, Arab Rep,",2021,,3.184964
517,"Egypt, Arab Rep,",2022,,3.184964
518,"Egypt, Arab Rep,",2023,,3.184964
519,"Egypt, Arab Rep,",2024,,3.184964
520,"Egypt, Arab Rep.",2015,,2.824902
521,"Egypt, Arab Rep.",2016,,2.824902
522,"Egypt, Arab Rep.",2017,,2.824902
523,"Egypt, Arab Rep.",2018,2.824902,2.824902
524,"Egypt, Arab Rep.",2019,,2.8799216
525,"Egypt, Arab Rep.",2020,,2.9349412
526,"Egypt, Arab Rep.",2021,,2.9899608
527,"Egypt, Arab Rep.",2022,,3.0449804
528,"Egypt, Arab Rep.",2023,3.1,3.1
529,"Egypt, Arab Rep.",2024,,3.1
530,El Salvador,2015,,2.705726
531,El Salvador,2016,2.705726,2.705726
532,El Salvador,2017,,2.6406235
533,El Salvador,2018,2.575521,2.575521
534,El Salvador,2019,,2.6004168
535,El Salvador,2020,,2.6253126
536,El Salvador,2021,,2.6502084
537,El Salvador,2022,,2.6751042
538,El Salvador,2023,2.7,2.7
539,El Salvador,2024,,2.7
540,Equatorial Guinea,2015,,1.87919
541,Equatorial Guinea,2016,1.87919,1.87919
542,Equatorial Guinea,2017,,2.0984165
543,Equatorial Guinea,2018,2.317643,2.317643
544,Equatorial Guinea,2019,,2.317643
545,Equatorial Guinea,2020,,2.317643
546,Equatorial Guinea,2021,,2.317643
547,Equatorial Guinea,2022,,2.317643
548,Equatorial Guinea,2023,,2.317643
549,Equatorial Guinea,2024,,2.317643
550,Eritrea,2015,,2.171842
551,Eritrea,2016,2.171842,2.171842
552,Eritrea,2017,,2.129492
553,Eritrea,2018,2.087142,2.087142
554,Eritrea,2019,,2.087142
555,Eritrea,2020,,2.087142
556,Eritrea,2021,,2.087142
557,Eritrea,2022,,2.087142
558,Eritrea,2023,,2.087142
559,Eritrea,2024,,2.087142
560,Estonia,2015,,3.363489
561,Estonia,2016,3.363489,3.363489
562,Estonia,2017,,3.337551
563,Estonia,2018,3.311613,3.311613
564,Estonia,2019,,3.3692904
565,Estonia,2020,,3.4269678
566,Estonia,2021,,3.4846452
567,Estonia,2022,,3.5423226
568,Estonia,2023,3.6,3.6
569,Estonia,2024,,3.6
570,Ethiopia,2015,,2.376767
571,Ethiopia,2016,2.376767,2.376767
572,Ethiopia,2017,,2.376767
573,Ethiopia,2018,,2.376767
574,Ethiopia,2019,,2.376767
575,Ethiopia,2020,,2.376767
576,Ethiopia,2021,,2.376767
577,Ethiopia,2022,,2.376767
578,Ethiopia,2023,,2.376767
579,Ethiopia,2024,,2.376767
580,Fiji,2015,,2.316186
581,Fiji,2016,2.316186,2.316186
582,Fiji,2017,,2.3339565
583,Fiji,2018,2.351727,2.351727
584,Fiji,2019,,2.3413816
585,Fiji,2020,,2.3310362
586,Fiji,2021,,2.3206908
587,Fiji,2022,,2.3103454
588,Fiji,2023,2.3,2.3
589,Fiji,2024,,2.3
590,Finland,2015,,3.920745
591,Finland,2016,3.920745,3.920745
592,Finland,2017,,3.9449465
593,Finland,2018,3.969148,3.969148
594,Finland,2019,,4.0153184
595,Finland,2020,,4.0614888
596,Finland,2021,,4.1076592
597,Finland,2022,,4.1538296
598,Finland,2023,4.2,4.2
599,Finland,2024,,4.2
600,France,2015,,3.900953
601,France,2016,3.900953,3.900953
602,France,2017,,3.872714
603,France,2018,3.844475,3.844475
604,France,2019,,3.85558
605,France,2020,,3.866685
606,France,2021,,3.87779
607,France,2022,,3.888895
608,France,2023,3.9,3.9
609,France,2024,,3.9
610,Gabon,2015,,2.19165
611,Gabon,2016,2.19165,2.19165
612,Gabon,2017,,2.176776
613,Gabon,2018,2.161902,2.161902
614,Gabon,2019,,2.2095216
615,Gabon,2020,,2.2571412
616,Gabon,2021,,2.3047608
617,Gabon,2022,,2.3523804
618,Gabon,2023,2.4,2.4
619,Gabon,2024,,2.4
620,Gambia,2015,,
621,Gambia,2016,,
622,Gambia,2017,,
623,Gambia,2018,,
624,Gambia,2019,,
625,Gambia,2020,,
626,Gambia,2021,,
627,Gambia,2022,,
628,Gambia,2023,,
629,Gambia,2024,,
630,"Gambia, The",2015,,2.401189
631,"Gambia, The",2016,,2.401189
632,"Gambia, The",2017,,2.401189
633,"Gambia, The",2018,2.401189,2.401189
634,"Gambia, The",2019,,2.3809512
635,"Gambia, The",2020,,2.3607134
636,"Gambia, The",2021,,2.3404756
637,"Gambia, The",2022,,2.3202378
638,"Gambia, The",2023,2.3,2.3
639,"Gambia, The",2024,,2.3
640,Georgia,2015,,2.353013
641,Georgia,2016,2.353013,2.353013
642,Georgia,2017,,2.3979185
643,Georgia,2018,2.442824,2.442824
644,Georgia,2019,,2.4942592
645,Georgia,2020,,2.5456944
646,Georgia,2021,,2.5971296
647,Georgia,2022,,2.6485648
648,Georgia,2023,2.7,2.7
649,Georgia,2024,,2.7
650,Germany,2015,,4.225967
651,Germany,2016,4.225967,4.225967
652,Germany,2017,,4.2137055
653,Germany,2018,4.201444,4.201444
654,Germany,2019,,4.1811552
655,Germany,2020,,4.1608664
656,Germany,2021,,4.1405776
657,Germany,2022,,4.1202888
658,Germany,2023,4.1,4.1
659,Germany,2024,,4.1
660,Ghana,2015,,2.660931
661,Ghana,2016,2.660931,2.660931
662,Ghana,2017,,2.6131395
663,Ghana,2018,2.565348,2.565348
664,Ghana,2019,,2.5522784
665,Ghana,2020,,2.5392088
666,Ghana,2021,,2.5261392
667,Ghana,2022,,2.5130696
668,Ghana,2023,2.5,2.5
669,Ghana,2024,,2.5
670,Greece,2015,,3.239516
671,Greece,2016,3.239516,3.239516
672,Greece,2017,,3.2220385
673,Greece,2018,3.204561,3.204561
674,Greece,2019,,3.3036488
675,Greece,2020,,3.4027366
676,Greece,2021,,3.5018244
677,Greece,2022,,3.6009122
678,Greece,2023,3.7,3.7
679,Greece,2024,,3.7
680,Grenada,2015,,2.5
681,Grenada,2016,,2.5
682,Grenada,2017,,2.5
683,Grenada,2018,,2.5
684,Grenada,2019,,2.5
685,Grenada,2020,,2.5
686,Grenada,2021,,2.5
687,Grenada,2022,,2.5
688,Grenada,2023,2.5,2.5
689,Grenada,2024,,2.5
690,Guatemala,2015,,2.476327
691,Guatemala,2016,2.476327,2.476327
692,Guatemala,2017,,2.445472
693,Guatemala,2018,2.414617,2.414617
694,Guatemala,2019,,2.4516936
695,Guatemala,2020,,2.4887702
696,Guatemala,2021,,2.5258468
697,Guatemala,2022,,2.5629234
698,Guatemala,2023,2.6,2.6
699,Guatemala,2024,,2.6
700,Guinea,2015,,2.35896
701,Guinea,2016,2.35896,2.35896
702,Guinea,2017,,2.279909
703,Guinea,2018,2.200858,2.200858
704,Guinea,2019,,2.2606864
705,Guinea,2020,,2.3205148
706,Guinea,2021,,2.3803432
707,Guinea,2022,,2.4401716
708,Guinea,2023,2.5,2.5
709,Guinea,2024,,2.5
710,Guinea-Bissau,2015,,2.370681
711,Guinea-Bissau,2016,2.370681,2.370681
712,Guinea-Bissau,2017,,2.378893
713,Guinea-Bissau,2018,2.387105,2.387105
714,Guinea-Bissau,2019,,2.429684
715,Guinea-Bissau,2020,,2.472263
716,Guinea-Bissau,2021,,2.514842
717,Guinea-Bissau,2022,,2.557421
718,Guinea-Bissau,2023,2.6,2.6
719,Guinea-Bissau,2024,,2.6
720,Guyana,2015,,2.667018
721,Guyana,2016,2.667018,2.667018
722,Guyana,2017,,2.512665
723,Guyana,2018,2.358312,2.358312
724,Guyana,2019,,2.3666496
725,Guyana,2020,,2.3749872
726,Guyana,2021,,2.3833248
727,Guyana,2022,,2.3916624
728,Guyana,2023,2.4,2.4
729,Guyana,2024,,2.4
730,Haiti,2015,,1.716096
731,Haiti,2016,1.716096,1.716096
732,Haiti,2017,,1.9142185
733,Haiti,2018,2.112341,2.112341
734,Haiti,2019,,2.1098728
735,Haiti,2020,,2.1074046
736,Haiti,2021,,2.1049364
737,Haiti,2022,,2.1024682
738,Haiti,2023,2.1,2.1
739,Haiti,2024,,2.1
740,Honduras,2015,,2.462812
741,Honduras,2016,2.462812,2.462812
742,Honduras,2017,,2.533365
743,Honduras,2018,2.603918,2.603918
744,Honduras,2019,,2.6631344
745,Honduras,2020,,2.7223508
746,Honduras,2021,,2.7815672
747,Honduras,2022,,2.8407836
748,Honduras,2023,2.9,2.9
749,Honduras,2024,,2.9
750,"Hong Kong SAR, China",2015,,4.069103
751,"Hong Kong SAR, China",2016,4.069103,4.069103
752,"Hong Kong SAR, China",2017,,3.994585
753,"Hong Kong SAR, China",2018,3.920067,3.920067
754,"Hong Kong SAR, China",2019,,3.9360536
755,"Hong Kong SAR, China",2020,,3.9520402
756,"Hong Kong SAR, China",2021,,3.9680268
757,"Hong Kong SAR, China",2022,,3.9840134
758,"Hong Kong SAR, China",2023,4,4
759,"Hong Kong SAR, China",2024,,4
760,"Hong Kong, China",2015,,
761,"Hong Kong, China",2016,,
762,"Hong Kong, China",2017,,
763,"Hong Kong, China",2018,,
764,"Hong Kong, China",2019,,
765,"Hong Kong, China",2020,,
766,"Hong Kong, China",2021,,
767,"Hong Kong, China",2022,,
768,"Hong Kong, China",2023,,
769,"Hong Kong, China",2024,,
770,Hungary,2015,,3.428968
771,Hungary,2016,3.428968,3.428968
772,Hungary,2017,,3.423866
773,Hungary,2018,3.418764,3.418764
774,Hungary,2019,,3.3750112
775,Hungary,2020,,3.3312584
776,Hungary,2021,,3.2875056
777,Hungary,2022,,3.2437528
778,Hungary,2023,3.2,3.2
779,Hungary,2024,,3.2
780,Iceland,2015,,3.345605
781,Iceland,2016,3.345605,3.345605
782,Iceland,2017,,3.2853095
783,Iceland,2018,3.225014,3.225014
784,Iceland,2019,,3.3000112
785,Iceland,2020,,3.3750084
786,Iceland,2021,,3.4500056
787,Iceland,2022,,3.5250028
788,Iceland,2023,3.6,3.6
789,Iceland,2024,,3.6
790,India,2015,,3.420043
791,India,2016,3.420043,3.420043
792,India,2017,,3.298306
793,India,2018,3.176569,3.176569
794,India,2019,,3.2212552
795,India,2020,,3.2659414
796,India,2021,,3.3106276
797,India,2022,,3.3553138
798,India,2023,3.4,3.4
799,India,2024,,3.4
800,Indonesia,2015,,2.984537
801,Indonesia,2016,2.984537,2.984537
802,Indonesia,2017,,3.067299
803,Indonesia,2018,3.150061,3.150061
804,Indonesia,2019,,3.1200488
805,Indonesia,2020,,3.0900366
806,Indonesia,2021,,3.0600244
807,Indonesia,2022,,3.0300122
808,Indonesia,2023,3,3
809,Indonesia,2024,,3
810,Iran,2015,,
811,Iran,2016,,
812,Iran,2017,,
813,Iran,2018,,
814,Iran,2019,,
815,Iran,2020,,
816,Iran,2021,,
817,Iran,2022,,
818,Iran,2023,,
819,Iran,2024,,
820,"Iran, Islamic Rep,",2015,,2.601254
821,"Iran, Islamic Rep,",2016,2.601254,2.601254
822,"Iran, Islamic Rep,",2017,,2.601254
823,"Iran, Islamic Rep,",2018,,2.601254
824,"Iran, Islamic Rep,",2019,,2.601254
825,"Iran, Islamic Rep,",2020,,2.601254
826,"Iran, Islamic Rep,",2021,,2.601254
827,"Iran, Islamic Rep,",2022,,2.601254
828,"Iran, Islamic Rep,",2023,,2.601254
829,"Iran, Islamic Rep,",2024,,2.601254
830,"Iran, Islamic Rep.",2015,,2.852721
831,"Iran, Islamic Rep.",2016,,2.852721
832,"Iran, Islamic Rep.",2017,,2.852721
833,"Iran, Islamic Rep.",2018,2.852721,2.852721
834,"Iran, Islamic Rep.",2019,,2.7421768
835,"Iran, Islamic Rep.",2020,,2.6316326
836,"Iran, Islamic Rep.",2021,,2.5210884
837,"Iran, Islamic Rep.",2022,,2.4105442
838,"Iran, Islamic Rep.",2023,2.3,2.3
839,"Iran, Islamic Rep.",2024,,2.3
840,Iraq,2015,,2.149902
841,Iraq,2016,2.149902,2.149902
842,Iraq,2017,,2.1630865
843,Iraq,2018,2.176271,2.176271
844,Iraq,2019,,2.2210168
845,Iraq,2020,,2.2657626
846,Iraq,2021,,2.3105084
847,Iraq,2022,,2.3552542
848,Iraq,2023,2.4,2.4
849,Iraq,2024,,2.4
850,Ireland,2015,,3.794886
851,Ireland,2016,3.794886,3.794886
852,Ireland,2017,,3.6526495
853,Ireland,2018,3.510413,3.510413
854,Ireland,2019,,3.5283304
855,Ireland,2020,,3.5462478
856,Ireland,2021,,3.5641652
857,Ireland,2022,,3.5820826
858,Ireland,2023,3.6,3.6
859,Ireland,2024,,3.6
860,Israel,2015,,3.66033
861,Israel,2016,3.66033,3.66033
862,Israel,2017,,3.484063
863,Israel,2018,3.307796,3.307796
864,Israel,2019,,3.3662368
865,Israel,2020,,3.4246776
866,Israel,2021,,3.4831184
867,Israel,2022,,3.5415592
868,Israel,2023,3.6,3.6
869,Israel,2024,,3.6
870,Italy,2015,,3.755414
871,Italy,2016,3.755414,3.755414
872,Italy,2017,,3.747283
873,Italy,2018,3.739152,3.739152
874,Italy,2019,,3.7313216
875,Italy,2020,,3.7234912
876,Italy,2021,,3.7156608
877,Italy,2022,,3.7078304
878,Italy,2023,3.7,3.7
879,Italy,2024,,3.7
880,Jamaica,2015,,2.400214
881,Jamaica,2016,2.400214,2.400214
882,Jamaica,2017,,2.459439
883,Jamaica,2018,2.518664,2.518664
884,Jamaica,2019,,2.5149312
885,Jamaica,2020,,2.5111984
886,Jamaica,2021,,2.5074656
887,Jamaica,2022,,2.5037328
888,Jamaica,2023,2.5,2.5
889,Jamaica,2024,,2.5
890,Japan,2015,,3.970464
891,Japan,2016,3.970464,3.970464
892,Japan,2017,,3.998057
893,Japan,2018,4.02565,4.02565
894,Japan,2019,,4.00052
895,Japan,2020,,3.97539
896,Japan,2021,,3.95026
897,Japan,2022,,3.92513
898,Japan,2023,3.9,3.9
899,Japan,2024,,3.9
900,Jordan,2015,,2.956611
901,Jordan,2016,2.956611,2.956611
902,Jordan,2017,,2.822292
903,Jordan,2018,2.687973,2.687973
904,Jordan,2019,,2.687973
905,Jordan,2020,,2.687973
906,Jordan,2021,,2.687973
907,Jordan,2022,,2.687973
908,Jordan,2023,,2.687973
909,Jordan,2024,,2.687973
910,Kazakhstan,2015,,2.751998
911,Kazakhstan,2016,2.751998,2.751998
912,Kazakhstan,2017,,2.780967
913,Kazakhstan,2018,2.809936,2.809936
914,Kazakhstan,2019,,2.7879488
915,Kazakhstan,2020,,2.7659616
916,Kazakhstan,2021,,2.7439744
917,Kazakhstan,2022,,2.7219872
918,Kazakhstan,2023,2.7,2.7
919,Kazakhstan,2024,,2.7
920,Kenya,2015,,3.331295
921,Kenya,2016,3.331295,3.331295
922,Kenya,2017,,3.073115
923,Kenya,2018,2.814935,2.814935
924,Kenya,2019,,2.814935
925,Kenya,2020,,2.814935
926,Kenya,2021,,2.814935
927,Kenya,2022,,2.814935
928,Kenya,2023,,2.814935
929,Kenya,2024,,2.814935
930,"Korea, Rep,",2015,,3.717126
931,"Korea, Rep,",2016,3.717126,3.717126
932,"Korea, Rep,",2017,,3.717126
933,"Korea, Rep,",2018,,3.717126
934,"Korea, Rep,",2019,,3.717126
935,"Korea, Rep,",2020,,3.717126
936,"Korea, Rep,",2021,,3.717126
937,"Korea, Rep,",2022,,3.717126
938,"Korea, Rep,",2023,,3.717126
939,"Korea, Rep,",2024,,3.717126
940,"Korea, Rep.",2015,,3.612164
941,"Korea, Rep.",2016,,3.612164
942,"Korea, Rep.",2017,,3.612164
943,"Korea, Rep.",2018,3.612164,3.612164
944,"Korea, Rep.",2019,,3.6497312
945,"Korea, Rep.",2020,,3.6872984
946,"Korea, Rep.",2021,,3.7248656
947,"Korea, Rep.",2022,,3.7624328
948,"Korea, Rep.",2023,3.8,3.8
949,"Korea, Rep.",2024,,3.8
950,Kuwait,2015,,3.151619
951,Kuwait,2016,3.151619,3.151619
952,Kuwait,2017,,3.0064155
953,Kuwait,2018,2.861212,2.861212
954,Kuwait,2019,,2.9289696
955,Kuwait,2020,,2.9967272
956,Kuwait,2021,,3.0644848
957,Kuwait,2022,,3.1322424
958,Kuwait,2023,3.2,3.2
959,Kuwait,2024,,3.2
960,Kyrgyz Republic,2015,,2.15593
961,Kyrgyz Republic,2016,2.15593,2.15593
962,Kyrgyz Republic,2017,,2.35101
963,Kyrgyz Republic,2018,2.54609,2.54609
964,Kyrgyz Republic,2019,,2.496872
965,Kyrgyz Republic,2020,,2.447654
966,Kyrgyz Republic,2021,,2.398436
967,Kyrgyz Republic,2022,,2.349218
968,Kyrgyz Republic,2023,2.3,2.3
969,Kyrgyz Republic,2024,,2.3
970,Lao PDR,2015,,2.067254
971,Lao PDR,2016,2.067254,2.067254
972,Lao PDR,2017,,2.383772
973,Lao PDR,2018,2.70029,2.70029
974,Lao PDR,2019,,2.640232
975,Lao PDR,2020,,2.580174
976,Lao PDR,2021,,2.520116
977,Lao PDR,2022,,2.460058
978,Lao PDR,2023,2.4,2.4
979,Lao PDR,2024,,2.4
980,"Laos, PDR",2015,,
981,"Laos, PDR",2016,,
982,"Laos, PDR",2017,,
983,"Laos, PDR",2018,,
984,"Laos, PDR",2019,,
985,"Laos, PDR",2020,,
986,"Laos, PDR",2021,,
987,"Laos, PDR",2022,,
988,"Laos, PDR",2023,,
989,"Laos, PDR",2024,,
990,Latvia,2015,,3.327107
991,Latvia,2016,3.327107,3.327107
992,Latvia,2017,,3.068528
993,Latvia,2018,2.809949,2.809949
994,Latvia,2019,,2.9479592
995,Latvia,2020,,3.0859694
996,Latvia,2021,,3.2239796
997,Latvia,2022,,3.3619898
998,Latvia,2023,3.5,3.5
999,Latvia,2024,,3.5
1000,Lebanon,2015,,2.717255
1001,Lebanon,2016,2.717255,2.717255
1002,Lebanon,2017,,2.717054
1003,Lebanon,2018,2.716853,2.716853
1004,Lebanon,2019,,2.716853
1005,Lebanon,2020,,2.716853
1006,Lebanon,2021,,2.716853
1007,Lebanon,2022,,2.716853
1008,Lebanon,2023,,2.716853
1009,Lebanon,2024,,2.716853
1010,Lesotho,2015,,2.025983
1011,Lesotho,2016,2.025983,2.025983
1012,Lesotho,2017,,2.1516245
1013,Lesotho,2018,2.277266,2.277266
1014,Lesotho,2019,,2.277266
1015,Lesotho,2020,,2.277266
1016,Lesotho,2021,,2.277266
1017,Lesotho,2022,,2.277266
1018,Lesotho,2023,,2.277266
1019,Lesotho,2024,,2.277266
1020,Liberia,2015,,2.203914
1021,Liberia,2016,2.203914,2.203914
1022,Liberia,2017,,2.216556
1023,Liberia,2018,2.229198,2.229198
1024,Liberia,2019,,2.2633584
1025,Liberia,2020,,2.2975188
1026,Liberia,2021,,2.3316792
1027,Liberia,2022,,2.3658396
1028,Liberia,2023,2.4,2.4
1029,Liberia,2024,,2.4
1030,Libya,2015,,2.264495
1031,Libya,2016,2.264495,2.264495
1032,Libya,2017,,2.1854785
1033,Libya,2018,2.106462,2.106462
1034,Libya,2019,,2.0651696
1035,Libya,2020,,2.0238772
1036,Libya,2021,,1.9825848
1037,Libya,2022,,1.9412924
1038,Libya,2023,1.9,1.9
1039,Libya,2024,,1.9
1040,Lithuania,2015,,3.631688
1041,Lithuania,2016,3.631688,3.631688
1042,Lithuania,2017,,3.324606
1043,Lithuania,2018,3.017524,3.017524
1044,Lithuania,2019,,3.0940192
1045,Lithuania,2020,,3.1705144
1046,Lithuania,2021,,3.2470096
1047,Lithuania,2022,,3.3235048
1048,Lithuania,2023,3.4,3.4
1049,Lithuania,2024,,3.4
1050,Luxembourg,2015,,4.219409
1051,Luxembourg,2016,4.219409,4.219409
1052,Luxembourg,2017,,3.9247035
1053,Luxembourg,2018,3.629998,3.629998
1054,Luxembourg,2019,,3.6239984
1055,Luxembourg,2020,,3.6179988
1056,Luxembourg,2021,,3.6119992
1057,Luxembourg,2022,,3.6059996
1058,Luxembourg,2023,3.6,3.6
1059,Luxembourg,2024,,3.6
1060,Luxemburg,2015,,
1061,Luxemburg,2016,,
1062,Luxemburg,2017,,
1063,Luxemburg,2018,,
1064,Luxemburg,2019,,
1065,Luxemburg,2020,,
1066,Luxemburg,2021,,
1067,Luxemburg,2022,,
1068,Luxemburg,2023,,
1069,Luxemburg,2024,,
1070,Macedonia,2015,,
1071,Macedonia,2016,,
1072,Macedonia,2017,,
1073,Macedonia,2018,,
1074,Macedonia,2019,,
1075,Macedonia,2020,,
1076,Macedonia,2021,,
1077,Macedonia,2022,,
1078,Macedonia,2023,,
1079,Macedonia,2024,,
1080,"Macedonia, FYR",2015,,2.510262
1081,"Macedonia, FYR",2016,2.510262,2.510262
1082,"Macedonia, FYR",2017,,2.6075785
1083,"Macedonia, FYR",2018,2.704895,2.704895
1084,"Macedonia, FYR",2019,,2.704895
1085,"Macedonia, FYR",2020,,2.704895
1086,"Macedonia, FYR",2021,,2.704895
1087,"Macedonia, FYR",2022,,2.704895
1088,"Macedonia, FYR",2023,,2.704895
1089,"Macedonia, FYR",2024,,2.704895
1090,Madagascar,2015,,2.154639
1091,Madagascar,2016,2.154639,2.154639
1092,Madagascar,2017,,2.272025
1093,Madagascar,2018,2.389411,2.389411
1094,Madagascar,2019,,2.3715288
1095,Madagascar,2020,,2.3536466
1096,Madagascar,2021,,2.3357644
1097,Madagascar,2022,,2.3178822
1098,Madagascar,2023,2.3,2.3
1099,Madagascar,2024,,2.3
1100,Malawi,2015,,2.585645
1101,Malawi,2016,,2.585645
1102,Malawi,2017,,2.585645
1103,Malawi,2018,2.585645,2.585645
1104,Malawi,2019,,2.585645
1105,Malawi,2020,,2.585645
1106,Malawi,2021,,2.585645
1107,Malawi,2022,,2.585645
1108,Malawi,2023,,2.585645
1109,Malawi,2024,,2.585645
1110,Malaysia,2015,,3.426307
1111,Malaysia,2016,3.426307,3.426307
1112,Malaysia,2017,,3.3235965
1113,Malaysia,2018,3.220886,3.220886
1114,Malaysia,2019,,3.2967088
1115,Malaysia,2020,,3.3725316
1116,Malaysia,2021,,3.4483544
1117,Malaysia,2022,,3.5241772
1118,Malaysia,2023,3.6,3.6
1119,Malaysia,2024,,3.6
1120,Maldives,2015,,2.513077
1121,Maldives,2016,2.513077,2.513077
1122,Maldives,2017,,2.589274
1123,Maldives,2018,2.665471,2.665471
1124,Maldives,2019,,2.665471
1125,Maldives,2020,,2.665471
1126,Maldives,2021,,2.665471
1127,Maldives,2022,,2.665471
1128,Maldives,2023,,2.665471
1129,Maldives,2024,,2.665471
1130,Mali,2015,,2.503073
1131,Mali,2016,2.503073,2.503073
1132,Mali,2017,,2.546669
1133,Mali,2018,2.590265,2.590265
1134,Mali,2019,,2.592212
1135,Mali,2020,,2.594159
1136,Mali,2021,,2.596106
1137,Mali,2022,,2.598053
1138,Mali,2023,2.6,2.6
1139,Mali,2024,,2.6
1140,Malta,2015,,3.069256
1141,Malta,2016,3.069256,3.069256
1142,Malta,2017,,2.94152
1143,Malta,2018,2.813784,2.813784
1144,Malta,2019,,2.9110272
1145,Malta,2020,,3.0082704
1146,Malta,2021,,3.1055136
1147,Malta,2022,,3.2027568
1148,Malta,2023,3.3,3.3
1149,Malta,2024,,3.3
1150,Mauritania,2015,,1.866001
1151,Mauritania,2016,1.866001,1.866001
1152,Mauritania,2017,,2.098536
1153,Mauritania,2018,2.331071,2.331071
1154,Mauritania,2019,,2.3248568
1155,Mauritania,2020,,2.3186426
1156,Mauritania,2021,,2.3124284
1157,Mauritania,2022,,2.3062142
1158,Mauritania,2023,2.3,2.3
1159,Mauritania,2024,,2.3
1160,Mauritius,2015,,2.732952
1161,Mauritius,2016,,2.732952
1162,Mauritius,2017,,2.732952
1163,Mauritius,2018,2.732952,2.732952
1164,Mauritius,2019,,2.6863616
1165,Mauritius,2020,,2.6397712
1166,Mauritius,2021,,2.5931808
1167,Mauritius,2022,,2.5465904
1168,Mauritius,2023,2.5,2.5
1169,Mauritius,2024,,2.5
1170,Mexico,2015,,3.114031
1171,Mexico,2016,3.114031,3.114031
1172,Mexico,2017,,3.082703
1173,Mexico,2018,3.051375,3.051375
1174,Mexico,2019,,3.0211
1175,Mexico,2020,,2.990825
1176,Mexico,2021,,2.96055
1177,Mexico,2022,,2.930275
1178,Mexico,2023,2.9,2.9
1179,Mexico,2024,,2.9
1180,Moldova,2015,,2.614269
1181,Moldova,2016,2.614269,2.614269
1182,Moldova,2017,,2.5350885
1183,Moldova,2018,2.455908,2.455908
1184,Moldova,2019,,2.4647264
1185,Moldova,2020,,2.4735448
1186,Moldova,2021,,2.4823632
1187,Moldova,2022,,2.4911816
1188,Moldova,2023,2.5,2.5
1189,Moldova,2024,,2.5
1190,Mongolia,2015,,2.506056
1191,Mongolia,2016,2.506056,2.506056
1192,Mongolia,2017,,2.439665
1193,Mongolia,2018,2.373274,2.373274
1194,Mongolia,2019,,2.3986192
1195,Mongolia,2020,,2.4239644
1196,Mongolia,2021,,2.4493096
1197,Mongolia,2022,,2.4746548
1198,Mongolia,2023,2.5,2.5
1199,Mongolia,2024,,2.5
1200,Montenegro,2015,,2.380016
1201,Montenegro,2016,2.380016,2.380016
1202,Montenegro,2017,,2.562824
1203,Montenegro,2018,2.745632,2.745632
1204,Montenegro,2019,,2.7565056
1205,Montenegro,2020,,2.7673792
1206,Montenegro,2021,,2.7782528
1207,Montenegro,2022,,2.7891264
1208,Montenegro,2023,2.8,2.8
1209,Montenegro,2024,,2.8
1210,Morocco,2015,,2.665994
1211,Morocco,2016,2.665994,2.665994
1212,Morocco,2017,,2.6028275
1213,Morocco,2018,2.539661,2.539661
1214,Morocco,2019,,2.539661
1215,Morocco,2020,,2.539661
1216,Morocco,2021,,2.539661
1217,Morocco,2022,,2.539661
1218,Morocco,2023,,2.539661
1219,Morocco,2024,,2.539661
1220,Mozambique,2015,,2.684105
1221,Mozambique,2016,2.684105,2.684105
1222,Mozambique,2017,,2.684105
1223,Mozambique,2018,,2.684105
1224,Mozambique,2019,,2.684105
1225,Mozambique,2020,,2.684105
1226,Mozambique,2021,,2.684105
1227,Mozambique,2022,,2.684105
1228,Mozambique,2023,,2.684105
1229,Mozambique,2024,,2.684105
1230,Myanmar,2015,,2.458571
1231,Myanmar,2016,2.458571,2.458571
1232,Myanmar,2017,,2.3781525
1233,Myanmar,2018,2.297734,2.297734
1234,Myanmar,2019,,2.297734
1235,Myanmar,2020,,2.297734
1236,Myanmar,2021,,2.297734
1237,Myanmar,2022,,2.297734
1238,Myanmar,2023,,2.297734
1239,Myanmar,2024,,2.297734
1240,Namibia,2015,,2.744745
1241,Namibia,2016,2.744745,2.744745
1242,Namibia,2017,,2.766924286
1243,Namibia,2018,,2.789103571
1244,Namibia,2019,,2.811282857
1245,Namibia,2020,,2.833462143
1246,Namibia,2021,,2.855641429
1247,Namibia,2022,,2.877820714
1248,Namibia,2023,2.9,2.9
1249,Namibia,2024,,2.9
1250,Nepal,2015,,2.376783
1251,Nepal,2016,2.376783,2.376783
1252,Nepal,2017,,2.4449025
1253,Nepal,2018,2.513022,2.513022
1254,Nepal,2019,,2.513022
1255,Nepal,2020,,2.513022
1256,Nepal,2021,,2.513022
1257,Nepal,2022,,2.513022
1258,Nepal,2023,,2.513022
1259,Nepal,2024,,2.513022
1260,Netherlands,2015,,4.18753
1261,Netherlands,2016,4.18753,4.18753
1262,Netherlands,2017,,4.1033995
1263,Netherlands,2018,4.019269,4.019269
1264,Netherlands,2019,,4.0354152
1265,Netherlands,2020,,4.0515614
1266,Netherlands,2021,,4.0677076
1267,Netherlands,2022,,4.0838538
1268,Netherlands,2023,4.1,4.1
1269,Netherlands,2024,,4.1
1270,New Zealand,2015,,3.388
1271,New Zealand,2016,3.388,3.388
1272,New Zealand,2017,,3.631822
1273,New Zealand,2018,3.875644,3.875644
1274,New Zealand,2019,,3.8205152
1275,New Zealand,2020,,3.7653864
1276,New Zealand,2021,,3.7102576
1277,New Zealand,2022,,3.6551288
1278,New Zealand,2023,3.6,3.6
1279,New Zealand,2024,,3.6
1280,Nicaragua,2015,,2.531062
1281,Nicaragua,2016,2.531062,2.531062
1282,Nicaragua,2017,,2.526624571
1283,Nicaragua,2018,,2.522187143
1284,Nicaragua,2019,,2.517749714
1285,Nicaragua,2020,,2.513312286
1286,Nicaragua,2021,,2.508874857
1287,Nicaragua,2022,,2.504437429
1288,Nicaragua,2023,2.5,2.5
1289,Nicaragua,2024,,2.5
1290,Niger,2015,,2.561951
1291,Niger,2016,2.561951,2.561951
1292,Niger,2017,,2.3159505
1293,Niger,2018,2.06995,2.06995
1294,Niger,2019,,2.06995
1295,Niger,2020,,2.06995
1296,Niger,2021,,2.06995
1297,Niger,2022,,2.06995
1298,Niger,2023,,2.06995
1299,Niger,2024,,2.06995
1300,Nigeria,2015,,2.62809
1301,Nigeria,2016,2.62809,2.62809
1302,Nigeria,2017,,2.5800875
1303,Nigeria,2018,2.532085,2.532085
1304,Nigeria,2019,,2.545668
1305,Nigeria,2020,,2.559251
1306,Nigeria,2021,,2.572834
1307,Nigeria,2022,,2.586417
1308,Nigeria,2023,2.6,2.6
1309,Nigeria,2024,,2.6
1310,North Macedonia,2015,,3.1
1311,North Macedonia,2016,,3.1
1312,North Macedonia,2017,,3.1
1313,North Macedonia,2018,,3.1
1314,North Macedonia,2019,,3.1
1315,North Macedonia,2020,,3.1
1316,North Macedonia,2021,,3.1
1317,North Macedonia,2022,,3.1
1318,North Macedonia,2023,3.1,3.1
1319,North Macedonia,2024,,3.1
1320,Norway,2015,,3.732163
1321,Norway,2016,3.732163,3.732163
1322,Norway,2017,,3.714393
1323,Norway,2018,3.696623,3.696623
1324,Norway,2019,,3.6972984
1325,Norway,2020,,3.6979738
1326,Norway,2021,,3.6986492
1327,Norway,2022,,3.6993246
1328,Norway,2023,3.7,3.7
1329,Norway,2024,,3.7
1330,Oman,2015,,3.234308
1331,Oman,2016,3.234308,3.234308
1332,Oman,2017,,3.215573
1333,Oman,2018,3.196838,3.196838
1334,Oman,2019,,3.2174704
1335,Oman,2020,,3.2381028
1336,Oman,2021,,3.2587352
1337,Oman,2022,,3.2793676
1338,Oman,2023,3.3,3.3
1339,Oman,2024,,3.3
1340,Pakistan,2015,,2.923219
1341,Pakistan,2016,2.923219,2.923219
1342,Pakistan,2017,,2.671208
1343,Pakistan,2018,2.419197,2.419197
1344,Pakistan,2019,,2.419197
1345,Pakistan,2020,,2.419197
1346,Pakistan,2021,,2.419197
1347,Pakistan,2022,,2.419197
1348,Pakistan,2023,,2.419197
1349,Pakistan,2024,,2.419197
1350,Panama,2015,,3.337843
1351,Panama,2016,3.337843,3.337843
1352,Panama,2017,,3.3069125
1353,Panama,2018,3.275982,3.275982
1354,Panama,2019,,3.2407856
1355,Panama,2020,,3.2055892
1356,Panama,2021,,3.1703928
1357,Panama,2022,,3.1351964
1358,Panama,2023,3.1,3.1
1359,Panama,2024,,3.1
1360,Papua New Guinea,2015,,2.510624
1361,Papua New Guinea,2016,2.510624,2.510624
1362,Papua New Guinea,2017,,2.3423625
1363,Papua New Guinea,2018,2.174101,2.174101
1364,Papua New Guinea,2019,,2.2792808
1365,Papua New Guinea,2020,,2.3844606
1366,Papua New Guinea,2021,,2.4896404
1367,Papua New Guinea,2022,,2.5948202
1368,Papua New Guinea,2023,2.7,2.7
1369,Papua New Guinea,2024,,2.7
1370,Paraguay,2015,,2.561337
1371,Paraguay,2016,2.561337,2.561337
1372,Paraguay,2017,,2.671818
1373,Paraguay,2018,2.782299,2.782299
1374,Paraguay,2019,,2.7658392
1375,Paraguay,2020,,2.7493794
1376,Paraguay,2021,,2.7329196
1377,Paraguay,2022,,2.7164598
1378,Paraguay,2023,2.7,2.7
1379,Paraguay,2024,,2.7
1380,Peru,2015,,2.893389
1381,Peru,2016,2.893389,2.893389
1382,Peru,2017,,2.793319
1383,Peru,2018,2.693249,2.693249
1384,Peru,2019,,2.7545992
1385,Peru,2020,,2.8159494
1386,Peru,2021,,2.8772996
1387,Peru,2022,,2.9386498
1388,Peru,2023,3,3
1389,Peru,2024,,3
1390,Philippines,2015,,2.856259
1391,Philippines,2016,2.856259,2.856259
1392,Philippines,2017,,2.879958
1393,Philippines,2018,2.903657,2.903657
1394,Philippines,2019,,2.9829256
1395,Philippines,2020,,3.0621942
1396,Philippines,2021,,3.1414628
1397,Philippines,2022,,3.2207314
1398,Philippines,2023,3.3,3.3
1399,Philippines,2024,,3.3
1400,Poland,2015,,3.425877
1401,Poland,2016,3.425877,3.425877
1402,Poland,2017,,3.482705
1403,Poland,2018,3.539533,3.539533
1404,Poland,2019,,3.5516264
1405,Poland,2020,,3.5637198
1406,Poland,2021,,3.5758132
1407,Poland,2022,,3.5879066
1408,Poland,2023,3.6,3.6
1409,Poland,2024,,3.6
1410,Portugal,2015,,3.409367
1411,Portugal,2016,3.409367,3.409367
1412,Portugal,2017,,3.5262755
1413,Portugal,2018,3.643184,3.643184
1414,Portugal,2019,,3.5945472
1415,Portugal,2020,,3.5459104
1416,Portugal,2021,,3.4972736
1417,Portugal,2022,,3.4486368
1418,Portugal,2023,3.4,3.4
1419,Portugal,2024,,3.4
1420,Qatar,2015,,3.599232
1421,Qatar,2016,3.599232,3.599232
1422,Qatar,2017,,3.5367185
1423,Qatar,2018,3.474205,3.474205
1424,Qatar,2019,,3.479364
1425,Qatar,2020,,3.484523
1426,Qatar,2021,,3.489682
1427,Qatar,2022,,3.494841
1428,Qatar,2023,3.5,3.5
1429,Qatar,2024,,3.5
1430,Romania,2015,,2.99312
1431,Romania,2016,2.99312,2.99312
1432,Romania,2017,,3.0558605
1433,Romania,2018,3.118601,3.118601
1434,Romania,2019,,3.1348808
1435,Romania,2020,,3.1511606
1436,Romania,2021,,3.1674404
1437,Romania,2022,,3.1837202
1438,Romania,2023,3.2,3.2
1439,Romania,2024,,3.2
1440,Russian Federation,2015,,2.570864
1441,Russian Federation,2016,2.570864,2.570864
1442,Russian Federation,2017,,2.6638765
1443,Russian Federation,2018,2.756889,2.756889
1444,Russian Federation,2019,,2.7255112
1445,Russian Federation,2020,,2.6941334
1446,Russian Federation,2021,,2.6627556
1447,Russian Federation,2022,,2.6313778
1448,Russian Federation,2023,2.6,2.6
1449,Russian Federation,2024,,2.6
1450,Rwanda,2015,,2.986229
1451,Rwanda,2016,2.986229,2.986229
1452,Rwanda,2017,,2.980493
1453,Rwanda,2018,2.974757,2.974757
1454,Rwanda,2019,,2.9398056
1455,Rwanda,2020,,2.9048542
1456,Rwanda,2021,,2.8699028
1457,Rwanda,2022,,2.8349514
1458,Rwanda,2023,2.8,2.8
1459,Rwanda,2024,,2.8
1460,Sao Tome,2015,,
1461,Sao Tome,2016,,
1462,Sao Tome,2017,,
1463,Sao Tome,2018,,
1464,Sao Tome,2019,,
1465,Sao Tome,2020,,
1466,Sao Tome,2021,,
1467,Sao Tome,2022,,
1468,Sao Tome,2023,,
1469,Sao Tome,2024,,
1470,Saudi Arabia,2015,,3.156376
1471,Saudi Arabia,2016,3.156376,3.156376
1472,Saudi Arabia,2017,,3.0837085
1473,Saudi Arabia,2018,3.011041,3.011041
1474,Saudi Arabia,2019,,3.0888328
1475,Saudi Arabia,2020,,3.1666246
1476,Saudi Arabia,2021,,3.2444164
1477,Saudi Arabia,2022,,3.3222082
1478,Saudi Arabia,2023,3.4,3.4
1479,Saudi Arabia,2024,,3.4
1480,Sco Tomi and Principe,2015,,
1481,Sco Tomi and Principe,2016,,
1482,Sco Tomi and Principe,2017,,
1483,Sco Tomi and Principe,2018,,
1484,Sco Tomi and Principe,2019,,
1485,Sco Tomi and Principe,2020,,
1486,Sco Tomi and Principe,2021,,
1487,Sco Tomi and Principe,2022,,
1488,Sco Tomi and Principe,2023,,
1489,Sco Tomi and Principe,2024,,
1490,Senegal,2015,,2.327711
1491,Senegal,2016,2.327711,2.327711
1492,Senegal,2017,,2.2900445
1493,Senegal,2018,2.252378,2.252378
1494,Senegal,2019,,2.252378
1495,Senegal,2020,,2.252378
1496,Senegal,2021,,2.252378
1497,Senegal,2022,,2.252378
1498,Senegal,2023,,2.252378
1499,Senegal,2024,,2.252378
1500,Serbia,2015,,2.762577
1501,Serbia,2016,2.762577,2.762577
1502,Serbia,2017,,2.801765
1503,Serbia,2018,2.840953,2.840953
1504,Serbia,2019,,2.8327624
1505,Serbia,2020,,2.8245718
1506,Serbia,2021,,2.8163812
1507,Serbia,2022,,2.8081906
1508,Serbia,2023,2.8,2.8
1509,Serbia,2024,,2.8
1510,SerbiaMontenegro,2015,,
1511,SerbiaMontenegro,2016,,
1512,SerbiaMontenegro,2017,,
1513,SerbiaMontenegro,2018,,
1514,SerbiaMontenegro,2019,,
1515,SerbiaMontenegro,2020,,
1516,SerbiaMontenegro,2021,,
1517,SerbiaMontenegro,2022,,
1518,SerbiaMontenegro,2023,,
1519,SerbiaMontenegro,2024,,
1520,Sierra Leone,2015,,2.025402
1521,Sierra Leone,2016,2.025402,2.025402
1522,Sierra Leone,2017,,2.0517175
1523,Sierra Leone,2018,2.078033,2.078033
1524,Sierra Leone,2019,,2.078033
1525,Sierra Leone,2020,,2.078033
1526,Sierra Leone,2021,,2.078033
1527,Sierra Leone,2022,,2.078033
1528,Sierra Leone,2023,,2.078033
1529,Sierra Leone,2024,,2.078033
1530,Singapore,2015,,4.143632
1531,Singapore,2016,4.143632,4.143632
1532,Singapore,2017,,4.0698755
1533,Singapore,2018,3.996119,3.996119
1534,Singapore,2019,,4.0568952
1535,Singapore,2020,,4.1176714
1536,Singapore,2021,,4.1784476
1537,Singapore,2022,,4.2392238
1538,Singapore,2023,4.3,4.3
1539,Singapore,2024,,4.3
1540,Slovak Republic,2015,,3.336895
1541,Slovak Republic,2016,3.336895,3.336895
1542,Slovak Republic,2017,,3.1820125
1543,Slovak Republic,2018,3.02713,3.02713
1544,Slovak Republic,2019,,3.081704
1545,Slovak Republic,2020,,3.136278
1546,Slovak Republic,2021,,3.190852
1547,Slovak Republic,2022,,3.245426
1548,Slovak Republic,2023,3.3,3.3
1549,Slovak Republic,2024,,3.3
1550,Slovenia,2015,,3.184508
1551,Slovenia,2016,3.184508,3.184508
1552,Slovenia,2017,,3.249644
1553,Slovenia,2018,3.31478,3.31478
1554,Slovenia,2019,,3.311824
1555,Slovenia,2020,,3.308868
1556,Slovenia,2021,,3.305912
1557,Slovenia,2022,,3.302956
1558,Slovenia,2023,3.3,3.3
1559,Slovenia,2024,,3.3
1560,Solomon Islands,2015,,2.417321
1561,Solomon Islands,2016,2.417321,2.417321
1562,Solomon Islands,2017,,2.4942805
1563,Solomon Islands,2018,2.57124,2.57124
1564,Solomon Islands,2019,,2.616992
1565,Solomon Islands,2020,,2.662744
1566,Solomon Islands,2021,,2.708496
1567,Solomon Islands,2022,,2.754248
1568,Solomon Islands,2023,2.8,2.8
1569,Solomon Islands,2024,,2.8
1570,Somalia,2015,,1.747098
1571,Somalia,2016,1.747098,1.747098
1572,Somalia,2017,,1.9778875
1573,Somalia,2018,2.208677,2.208677
1574,Somalia,2019,,2.1669416
1575,Somalia,2020,,2.1252062
1576,Somalia,2021,,2.0834708
1577,Somalia,2022,,2.0417354
1578,Somalia,2023,2,2
1579,Somalia,2024,,2
1580,South Africa,2015,,3.775321
1581,South Africa,2016,3.775321,3.775321
1582,South Africa,2017,,3.5757155
1583,South Africa,2018,3.37611,3.37611
1584,South Africa,2019,,3.440888
1585,South Africa,2020,,3.505666
1586,South Africa,2021,,3.570444
1587,South Africa,2022,,3.635222
1588,South Africa,2023,3.7,3.7
1589,South Africa,2024,,3.7
1590,South Korea,2015,,
1591,South Korea,2016,,
1592,South Korea,2017,,
1593,South Korea,2018,,
1594,South Korea,2019,,
1595,South Korea,2020,,
1596,South Korea,2021,,
1597,South Korea,2022,,
1598,South Korea,2023,,
1599,South Korea,2024,,
1600,Spain,2015,,3.727412
1601,Spain,2016,3.727412,3.727412
1602,Spain,2017,,3.779374
1603,Spain,2018,3.831336,3.831336
1604,Spain,2019,,3.8450688
1605,Spain,2020,,3.8588016
1606,Spain,2021,,3.8725344
1607,Spain,2022,,3.8862672
1608,Spain,2023,3.9,3.9
1609,Spain,2024,,3.9
1610,Sri Lanka,2015,,2.597928
1611,Sri Lanka,2016,,2.597928
1612,Sri Lanka,2017,,2.597928
1613,Sri Lanka,2018,2.597928,2.597928
1614,Sri Lanka,2019,,2.6383424
1615,Sri Lanka,2020,,2.6787568
1616,Sri Lanka,2021,,2.7191712
1617,Sri Lanka,2022,,2.7595856
1618,Sri Lanka,2023,2.8,2.8
1619,Sri Lanka,2024,,2.8
1620,Sudan,2015,,2.530408
1621,Sudan,2016,2.530408,2.530408
1622,Sudan,2017,,2.478991
1623,Sudan,2018,2.427574,2.427574
1624,Sudan,2019,,2.4220592
1625,Sudan,2020,,2.4165444
1626,Sudan,2021,,2.4110296
1627,Sudan,2022,,2.4055148
1628,Sudan,2023,2.4,2.4
1629,Sudan,2024,,2.4
1630,Sweden,2015,,4.204593
1631,Sweden,2016,4.204593,4.204593
1632,Sweden,2017,,4.128749
1633,Sweden,2018,4.052905,4.052905
1634,Sweden,2019,,4.042324
1635,Sweden,2020,,4.031743
1636,Sweden,2021,,4.021162
1637,Sweden,2022,,4.010581
1638,Sweden,2023,4,4
1639,Sweden,2024,,4
1640,Switzerland,2015,,3.987158
1641,Switzerland,2016,3.987158,3.987158
1642,Switzerland,2017,,3.944265
1643,Switzerland,2018,3.901372,3.901372
1644,Switzerland,2019,,3.9410976
1645,Switzerland,2020,,3.9808232
1646,Switzerland,2021,,4.0205488
1647,Switzerland,2022,,4.0602744
1648,Switzerland,2023,4.1,4.1
1649,Switzerland,2024,,4.1
1650,Syria,2015,,
1651,Syria,2016,,
1652,Syria,2017,,
1653,Syria,2018,,
1654,Syria,2019,,
1655,Syria,2020,,
1656,Syria,2021,,
1657,Syria,2022,,
1658,Syria,2023,,
1659,Syria,2024,,
1660,Syrian Arab Republic,2015,,1.598322
1661,Syrian Arab Republic,2016,1.598322,1.598322
1662,Syrian Arab Republic,2017,,1.9469315
1663,Syrian Arab Republic,2018,2.295541,2.295541
1664,Syrian Arab Republic,2019,,2.2964328
1665,Syrian Arab Republic,2020,,2.2973246
1666,Syrian Arab Republic,2021,,2.2982164
1667,Syrian Arab Republic,2022,,2.2991082
1668,Syrian Arab Republic,2023,2.3,2.3
1669,Syrian Arab Republic,2024,,2.3
1670,São Tomé and Principe,2015,,2.325633
1671,São Tomé and Principe,2016,2.325633,2.325633
1672,São Tomé and Principe,2017,,2.48942
1673,São Tomé and Principe,2018,2.653207,2.653207
1674,São Tomé and Principe,2019,,2.653207
1675,São Tomé and Principe,2020,,2.653207
1676,São Tomé and Principe,2021,,2.653207
1677,São Tomé and Principe,2022,,2.653207
1678,São Tomé and Principe,2023,,2.653207
1679,São Tomé and Principe,2024,,2.653207
1680,TC<rkiye,2015,,3.4
1681,TC<rkiye,2016,,3.4
1682,TC<rkiye,2017,,3.4
1683,TC<rkiye,2018,,3.4
1684,TC<rkiye,2019,,3.4
1685,TC<rkiye,2020,,3.4
1686,TC<rkiye,2021,,3.4
1687,TC<rkiye,2022,,3.4
1688,TC<rkiye,2023,3.4,3.4
1689,TC<rkiye,2024,,3.4
1690,Taiwan,2015,,
1691,Taiwan,2016,,
1692,Taiwan,2017,,
1693,Taiwan,2018,,
1694,Taiwan,2019,,
1695,Taiwan,2020,,
1696,Taiwan,2021,,
1697,Taiwan,2022,,
1698,Taiwan,2023,,
1699,Taiwan,2024,,
1700,"Taiwan, China",2015,,3.697594
1701,"Taiwan, China",2016,3.697594,3.697594
1702,"Taiwan, China",2017,,3.648658
1703,"Taiwan, China",2018,3.599722,3.599722
1704,"Taiwan, China",2019,,3.6597776
1705,"Taiwan, China",2020,,3.7198332
1706,"Taiwan, China",2021,,3.7798888
1707,"Taiwan, China",2022,,3.8399444
1708,"Taiwan, China",2023,3.9,3.9
1709,"Taiwan, China",2024,,3.9
1710,Tajikistan,2015,,2.062743
1711,Tajikistan,2016,2.062743,2.062743
1712,Tajikistan,2017,,2.2011505
1713,Tajikistan,2018,2.339558,2.339558
1714,Tajikistan,2019,,2.3716464
1715,Tajikistan,2020,,2.4037348
1716,Tajikistan,2021,,2.4358232
1717,Tajikistan,2022,,2.4679116
1718,Tajikistan,2023,2.5,2.5
1719,Tajikistan,2024,,2.5
1720,Tanzania,2015,,2.990185
1721,Tanzania,2016,2.990185,2.990185
1722,Tanzania,2017,,2.990185
1723,Tanzania,2018,,2.990185
1724,Tanzania,2019,,2.990185
1725,Tanzania,2020,,2.990185
1726,Tanzania,2021,,2.990185
1727,Tanzania,2022,,2.990185
1728,Tanzania,2023,,2.990185
1729,Tanzania,2024,,2.990185
1730,Thailand,2015,,3.2551
1731,Thailand,2016,3.2551,3.2551
1732,Thailand,2017,,3.333079
1733,Thailand,2018,3.411058,3.411058
1734,Thailand,2019,,3.4288464
1735,Thailand,2020,,3.4466348
1736,Thailand,2021,,3.4644232
1737,Thailand,2022,,3.4822116
1738,Thailand,2023,3.5,3.5
1739,Thailand,2024,,3.5
1740,Timor-Leste,2015,,
1741,Timor-Leste,2016,,
1742,Timor-Leste,2017,,
1743,Timor-Leste,2018,,
1744,Timor-Leste,2019,,
1745,Timor-Leste,2020,,
1746,Timor-Leste,2021,,
1747,Timor-Leste,2022,,
1748,Timor-Leste,2023,,
1749,Timor-Leste,2024,,
1750,Togo,2015,,2.617778
1751,Togo,2016,2.617778,2.617778
1752,Togo,2017,,2.5326195
1753,Togo,2018,2.447461,2.447461
1754,Togo,2019,,2.4579688
1755,Togo,2020,,2.4684766
1756,Togo,2021,,2.4789844
1757,Togo,2022,,2.4894922
1758,Togo,2023,2.5,2.5
1759,Togo,2024,,2.5
1760,Trinidad and Tobago,2015,,2.398418
1761,Trinidad and Tobago,2016,2.398418,2.398418
1762,Trinidad and Tobago,2017,,2.40703
1763,Trinidad and Tobago,2018,2.415642,2.415642
1764,Trinidad and Tobago,2019,,2.4325136
1765,Trinidad and Tobago,2020,,2.4493852
1766,Trinidad and Tobago,2021,,2.4662568
1767,Trinidad and Tobago,2022,,2.4831284
1768,Trinidad and Tobago,2023,2.5,2.5
1769,Trinidad and Tobago,2024,,2.5
1770,Tunisia,2015,,2.496688
1771,Tunisia,2016,2.496688,2.496688
1772,Tunisia,2017,,2.5331175
1773,Tunisia,2018,2.569547,2.569547
1774,Tunisia,2019,,2.569547
1775,Tunisia,2020,,2.569547
1776,Tunisia,2021,,2.569547
1777,Tunisia,2022,,2.569547
1778,Tunisia,2023,,2.569547
1779,Tunisia,2024,,2.569547
1780,Turkey,2015,,3.423693
1781,Turkey,2016,3.423693,3.423693
1782,Turkey,2017,,3.284751
1783,Turkey,2018,3.145809,3.145809
1784,Turkey,2019,,3.145809
1785,Turkey,2020,,3.145809
1786,Turkey,2021,,3.145809
1787,Turkey,2022,,3.145809
1788,Turkey,2023,,3.145809
1789,Turkey,2024,,3.145809
1790,Turkmenistan,2015,,2.211396
1791,Turkmenistan,2016,2.211396,2.211396
1792,Turkmenistan,2017,,2.3106
1793,Turkmenistan,2018,2.409804,2.409804
1794,Turkmenistan,2019,,2.409804
1795,Turkmenistan,2020,,2.409804
1796,Turkmenistan,2021,,2.409804
1797,Turkmenistan,2022,,2.409804
1798,Turkmenistan,2023,,2.409804
1799,Turkmenistan,2024,,2.409804
1800,Uganda,2015,,3.043284
1801,Uganda,2016,3.043284,3.043284
1802,Uganda,2017,,2.8093445
1803,Uganda,2018,2.575405,2.575405
1804,Uganda,2019,,2.575405
1805,Uganda,2020,,2.575405
1806,Uganda,2021,,2.575405
1807,Uganda,2022,,2.575405
1808,Uganda,2023,,2.575405
1809,Uganda,2024,,2.575405
1810,Ukraine,2015,,2.736683
1811,Ukraine,2016,2.736683,2.736683
1812,Ukraine,2017,,2.7834305
1813,Ukraine,2018,2.830178,2.830178
1814,Ukraine,2019,,2.8041424
1815,Ukraine,2020,,2.7781068
1816,Ukraine,2021,,2.7520712
1817,Ukraine,2022,,2.7260356
1818,Ukraine,2023,2.7,2.7
1819,Ukraine,2024,,2.7
1820,United Arab Emirates,2015,,3.941767
1821,United Arab Emirates,2016,3.941767,3.941767
1822,United Arab Emirates,2017,,3.949102
1823,United Arab Emirates,2018,3.956437,3.956437
1824,United Arab Emirates,2019,,3.9651496
1825,United Arab Emirates,2020,,3.9738622
1826,United Arab Emirates,2021,,3.9825748
1827,United Arab Emirates,2022,,3.9912874
1828,United Arab Emirates,2023,4,4
1829,United Arab Emirates,2024,,4
1830,United Kingdom,2015,,4.069669
1831,United Kingdom,2016,4.069669,4.069669
1832,United Kingdom,2017,,4.028363
1833,United Kingdom,2018,3.987057,3.987057
1834,United Kingdom,2019,,3.9296456
1835,United Kingdom,2020,,3.8722342
1836,United Kingdom,2021,,3.8148228
1837,United Kingdom,2022,,3.7574114
1838,United Kingdom,2023,3.7,3.7
1839,United Kingdom,2024,,3.7
1840,United States,2015,,3.992172
1841,United States,2016,3.992172,3.992172
1842,United States,2017,,3.9386505
1843,United States,2018,3.885129,3.885129
1844,United States,2019,,3.8681032
1845,United States,2020,,3.8510774
1846,United States,2021,,3.8340516
1847,United States,2022,,3.8170258
1848,United States,2023,3.8,3.8
1849,United States,2024,,3.8
1850,Uruguay,2015,,2.974545
1851,Uruguay,2016,2.974545,2.974545
1852,Uruguay,2017,,2.829816
1853,Uruguay,2018,2.685087,2.685087
1854,Uruguay,2019,,2.7480696
1855,Uruguay,2020,,2.8110522
1856,Uruguay,2021,,2.8740348
1857,Uruguay,2022,,2.9370174
1858,Uruguay,2023,3,3
1859,Uruguay,2024,,3
1860,Uzbekistan,2015,,2.404525
1861,Uzbekistan,2016,2.404525,2.404525
1862,Uzbekistan,2017,,2.4908905
1863,Uzbekistan,2018,2.577256,2.577256
1864,Uzbekistan,2019,,2.5818048
1865,Uzbekistan,2020,,2.5863536
1866,Uzbekistan,2021,,2.5909024
1867,Uzbekistan,2022,,2.5954512
1868,Uzbekistan,2023,2.6,2.6
1869,Uzbekistan,2024,,2.6
1870,Venezuela,2015,,
1871,Venezuela,2016,,
1872,Venezuela,2017,,
1873,Venezuela,2018,,
1874,Venezuela,2019,,
1875,Venezuela,2020,,
1876,Venezuela,2021,,
1877,Venezuela,2022,,
1878,Venezuela,2023,,
1879,Venezuela,2024,,
1880,"Venezuela, RB",2015,,2.39078
1881,"Venezuela, RB",2016,2.39078,2.39078
1882,"Venezuela, RB",2017,,2.309998
1883,"Venezuela, RB",2018,2.229216,2.229216
1884,"Venezuela, RB",2019,,2.2433728
1885,"Venezuela, RB",2020,,2.2575296
1886,"Venezuela, RB",2021,,2.2716864
1887,"Venezuela, RB",2022,,2.2858432
1888,"Venezuela, RB",2023,2.3,2.3
1889,"Venezuela, RB",2024,,2.3
1890,Vietnam,2015,,2.976629
1891,Vietnam,2016,2.976629,2.976629
1892,Vietnam,2017,,3.1253045
1893,Vietnam,2018,3.27398,3.27398
1894,Vietnam,2019,,3.279184
1895,Vietnam,2020,,3.284388
1896,Vietnam,2021,,3.289592
1897,Vietnam,2022,,3.294796
1898,Vietnam,2023,3.3,3.3
1899,Vietnam,2024,,3.3
1900,Yemen,2015,,
1901,Yemen,2016,,
1902,Yemen,2017,,
1903,Yemen,2018,,
1904,Yemen,2019,,
1905,Yemen,2020,,
1906,Yemen,2021,,
1907,Yemen,2022,,
1908,Yemen,2023,,
1909,Yemen,2024,,
1910,"Yemen, Rep.",2015,,2.265255
1911,"Yemen, Rep.",2016,,2.265255
1912,"Yemen, Rep.",2017,,2.265255
1913,"Yemen, Rep.",2018,2.265255,2.265255
1914,"Yemen, Rep.",2019,,2.252204
1915,"Yemen, Rep.",2020,,2.239153
1916,"Yemen, Rep.",2021,,2.226102
1917,"Yemen, Rep.",2022,,2.213051
1918,"Yemen, Rep.",2023,2.2,2.2
1919,"Yemen, Rep.",2024,,2.2
1920,Zambia,2015,,2.429813
1921,Zambia,2016,2.429813,2.429813
1922,Zambia,2017,,2.478063
1923,Zambia,2018,2.526313,2.526313
1924,Zambia,2019,,2.526313
1925,Zambia,2020,,2.526313
1926,Zambia,2021,,2.526313
1927,Zambia,2022,,2.526313
1928,Zambia,2023,,2.526313
1929,Zambia,2024,,2.526313
1930,Zimbabwe,2015,,2.082408
1931,Zimbabwe,2016,2.082408,2.082408
1932,Zimbabwe,2017,,2.1012645
1933,Zimbabwe,2018,2.120121,2.120121
1934,Zimbabwe,2019,,2.1960968
1935,Zimbabwe,2020,,2.2720726
1936,Zimbabwe,2021,,2.3480484
1937,Zimbabwe,2022,,2.4240242
1938,Zimbabwe,2023,2.5,2.5
1939,Zimbabwe,2024,,2.5
